{
  "northwest_territory": {
    "x": 292.3645833333333,
    "y": 197.18958333333333
  },
  "central_america": {
    "x": 305.15625,
    "y": 365.20625
  },
  "venezuela": {
    "x": 351.33125,
    "y": 400.28125
  },
  "brazil": {
    "x": 408.59375,
    "y": 447.62083333333334
  },
  "peru": {
    "x": 357.96666666666664,
    "y": 463.4625
  },
  "argentina": {
    "x": 361.81875,
    "y": 523.86875
  },
  "east_africa": {
    "x": 607.5375,
    "y": 455.47291666666666
  },
  "kamchatka": {
    "x": 834.4791666666666,
    "y": 188.8375
  },
  "japan": {
    "x": 851.1895833333333,
    "y": 293.25625
  },
  "siam": {
    "x": 771.74375,
    "y": 399.5708333333333
  }
}
