{
  "northwest_territory": {
    "x": 292.3645833333333,
    "y": 197.18958333333333
  },
  "central_america": {
    "x": 311.55681022408965,
    "y": 359.12571778711487
  },
  "venezuela": {
    "x": 351.33125,
    "y": 400.28125
  },
  "brazil": {
    "x": 408.59375,
    "y": 447.62083333333334
  },
  "peru": {
    "x": 357.96666666666664,
    "y": 463.4625
  },
  "argentina": {
    "x": 361.81875,
    "y": 523.86875
  },
  "east_africa": {
    "x": 607.5375,
    "y": 455.47291666666666
  },
  "kamchatka": {
    "x": 834.4791666666666,
    "y": 188.8375
  },
  "japan": {
    "x": 851.1895833333333,
    "y": 293.25625
  },
  "siam": {
    "x": 771.74375,
    "y": 399.5708333333333
  },
  "eastern_australia": {
    "x": 879.1211484593838,
    "y": 546.3998599439776
  },
  "western_australia": {
    "x": 814.999299719888,
    "y": 551.7198879551821
  },
  "alaska": {
    "x": 227.28011204481794,
    "y": 197.11904761904762
  },
  "ontario": {
    "x": 337.1197478991597,
    "y": 245.359243697479
  },
  "quebec": {
    "x": 388.3200280112045,
    "y": 240.359243697479
  },
  "greenland": {
    "x": 428.80042016806726,
    "y": 173.47899159663865
  }
}
